filename,type,score,main_color
0000.png,floater,I,gray
0001.png,stoned,I,black
0002.png,insectoid,I,blue
0003.png,floater,I,gray
0004.png,floater,I,yellow
0005.png,floater,I,yellow
0006.png,floater,III,black
0007.png,ball,I,yellow
0008.png,fish,I,white
0009.png,insectoid,I,green
0010.png,slug,I,black
0011.png,feathered,I,black
0012.png,floater,II,green
0013.png,ball,I,red
0014.png,ball,I,red
0015.png,serpentine,I,white
0016.png,fish,I,white
0017.png,floater,II,gray
0018.png,fish,II,blue
0019.png,feathered,I,red
0020.png,ball,I,yellow
0021.png,fish,I,gray
0022.png,fish,I,red
0023.png,plant,I,white
0024.png,fish,I,black
0025.png,bulky,I,brown
0026.png,female,II,green
0027.png,bulky,II,white
0028.png,female,I,red
0029.png,stoned,I,brown
0030.png,dragon,I,blue
0031.png,floater,II,yellow
0032.png,female,I,white
0033.png,Abomination,I,brown
0034.png,feathered,I,blue
0035.png,floater,II,red
0036.png,male,I,yellow
0037.png,floater,II,white
0038.png,serpentine,I,yellow
0039.png,slug,I,white
0040.png,feathered,I,yellow
0041.png,insectoid,I,yellow
0042.png,ball,II,brown
0043.png,insectoid,I,blue
0044.png,male,I,yellow
0045.png,female,I,gray
0046.png,winged,I,red
0047.png,stoned,I,brown
0048.png,winged,II,white
0049.png,insectoid,I,red
0050.png,feathered,I,blue
0051.png,serpentine,I,green
0052.png,feathered,I,green
0053.png,serpentine,I,black
0054.png,insectoid,I,yellow
0055.png,stoned,I,gray
0056.png,male,II,white
0057.png,slug,II,gray
0058.png,slug,III,red
0059.png,insectoid,II,white
0060.png,male,I,yellow
0061.png,slug,I,black
0062.png,ball,II,green
0063.png,fish,II,blue
0064.png,bulky,II,brown
0065.png,floater,II,yellow
0066.png,female,I,red
0067.png,serpentine,I,green
0068.png,dragon,I,red
0069.png,beast,I,brown
0070.png,floater,III,green
0071.png,plant,II,yellow
0072.png,Abomination,I,blue
0073.png,feathered,I,gray
0074.png,male,II,yellow
0075.png,ball,I,gray
0076.png,Abomination,I,black
0077.png,ball,II,red
0078.png,dragon,I,white
0079.png,feathered,I,brown
0080.png,serpentine,II,green
0081.png,slug,II,green
0082.png,slug,II,green
0083.png,floater,III,white
0084.png,fish,II,red
0085.png,bulky,III,brown
0086.png,fish,II,gray
0087.png,female,II,green
0088.png,stoned,II,blue
0089.png,bumped,I,blue
0090.png,ball,II,blue
0091.png,beast,I,blue
0092.png,bulky,I,green
0093.png,fish,II,blue
0094.png,feathered,II,gray
0095.png,female,I,white
0096.png,slug,II,gray
0097.png,feral,II,black
0098.png,floater,III,blue
0099.png,beast,I,blue
0100.png,floater,IV,brown
0101.png,male,II,black
0102.png,floater,III,red
0103.png,bulky,I,green
0104.png,capri,I,red
0105.png,Abomination,I,brown
0106.png,dragon,I,blue
0107.png,female,II,red
0108.png,insectoid,II,gray
0109.png,feral,I,gray
0110.png,slug,III,yellow
0111.png,female,I,black
0112.png,bumped,I,black
0113.png,ball,I,yellow
0114.png,feathered,II,blue
0115.png,slug,III,red
0116.png,Abomination,I,black
0117.png,floater,III,gray
0118.png,insectoid,II,gray
0119.png,floater,IV,gray
0120.png,female,II,gray
0121.png,serpentine,II,blue
0122.png,beast,I,blue
0123.png,male,II,green
0124.png,bulky,I,gray
0125.png,serpentine,II,red
0126.png,dragon,II,green
0127.png,ball,II,gray
0128.png,bulky,I,green
0129.png,bulky,III,green
0130.png,plant,I,red
0131.png,ball,II,red
0132.png,beast,I,yellow
0133.png,ball,II,red
0134.png,feathered,I,brown
0135.png,female,II,blue
0136.png,male,II,yellow
0137.png,slug,III,gray
0138.png,insectoid,II,yellow
0139.png,beast,I,gray
0140.png,bulky,II,gray
0141.png,male,II,red
0142.png,Abomination,I,black
0143.png,dragon,II,brown
0144.png,feathered,II,blue
0145.png,beast,I,green
0146.png,serpentine,II,blue
0147.png,feathered,II,yellow
0148.png,bumped,I,yellow
0149.png,floater,IV,red
0150.png,beast,I,gray
0151.png,slug,III,brown
0152.png,winged,I,red
0153.png,bulky,II,blue
0154.png,plant,III,green
0155.png,female,II,gray
0156.png,feathered,II,brown
0157.png,feathered,III,blue
0158.png,feral,III,black
0159.png,dragon,I,red
0160.png,ball,II,brown
0161.png,dragon,II,blue
0162.png,Abomination,II,yellow
0163.png,ball,II,blue
0164.png,female,II,blue
0165.png,slug,III,yellow
0166.png,feathered,III,black
0167.png,slug,III,blue
0168.png,female,II,blue
0169.png,Abomination,II,gray
0170.png,ball,IV,red
0171.png,stoned,II,gray
0172.png,dragon,I,brown
0173.png,bulky,II,gray
0174.png,female,III,green
0175.png,stoned,III,brown
0176.png,beast,I,gray
0177.png,feathered,IV,red
0178.png,bulky,I,black
0179.png,female,II,green
0180.png,fish,III,blue
0181.png,ball,IV,red
0182.png,feathered,III,brown
0183.png,beast,I,gray
0184.png,insectoid,II,red
0185.png,fish,III,yellow
0186.png,dragon,II,gray
0187.png,capri,I,black
0188.png,floater,IV,gray
0189.png,floater,IV,brown
0190.png,floater,IV,blue
0191.png,stoned,I,gray
0192.png,male,III,blue
0193.png,floater,IV,blue
0194.png,fish,IV,brown
0195.png,female,III,blue
0196.png,floater,V,gray
0197.png,insectoid,IV,gray
0198.png,Abomination,II,white
0199.png,feral,I,red
0200.png,ball,III,blue
0201.png,ball,III,yellow
0202.png,insectoid,II,brown
0203.png,bulky,II,blue
0204.png,bumped,I,blue
0205.png,bulky,III,green
0206.png,ball,III,brown
0207.png,feral,I,blue
0208.png,serpentine,III,green
0209.png,bumped,II,blue
0210.png,female,III,green
0211.png,stoned,I,gray
0212.png,floater,V,red
0213.png,ball,III,gray
0214.png,feral,II,gray
0215.png,ball,III,blue
0216.png,ball,III,red
0217.png,stoned,III,blue
0218.png,female,III,blue
0219.png,beast,II,gray
0220.png,winged,I,gray
0221.png,floater,IV,white
0222.png,bulky,III,green
0223.png,floater,VI,blue
0224.png,feral,III,gray
0225.png,male,III,brown
0226.png,female,IV,blue
0227.png,slug,III,gray
0228.png,Abomination,II,blue
0229.png,female,IV,brown
0230.png,female,IV,green
0231.png,Abomination,II,blue
0232.png,insectoid,II,yellow
0233.png,bulky,III,black
0234.png,bulky,IV,brown
0235.png,female,III,red
0236.png,floater,V,red
0237.png,male,III,yellow
0238.png,female,III,blue
0239.png,floater,VI,white
0240.png,floater,V,white
0241.png,stoned,III,red
0242.png,dragon,II,blue
0243.png,ball,IV,yellow
0244.png,feathered,III,blue
0245.png,fish,III,red
0246.png,male,III,blue
0247.png,fish,III,green
0248.png,insectoid,II,red
0249.png,female,IV,blue
0250.png,stoned,III,gray
0251.png,feral,II,gray
0252.png,floater,IV,white
0253.png,floater,V,blue
0254.png,fish,III,gray
0255.png,fish,III,yellow
0256.png,floater,VI,brown
0257.png,ball,III,white
0258.png,beast,II,green
0259.png,capri,I,gray
0260.png,beast,II,red
0261.png,fish,IV,gray
0262.png,capri,I,yellow
0263.png,floater,V,blue
0264.png,feathered,IV,brown
0265.png,plant,III,green
0266.png,beast,II,white
0267.png,ball,IV,green
0268.png,stoned,III,blue
0269.png,feral,II,black
0270.png,male,II,yellow
0271.png,feathered,IV,white
0272.png,slug,IV,gray
0273.png,dragon,I,blue
0274.png,insectoid,III,red
0275.png,feral,II,green
0276.png,ball,III,blue
0277.png,floater,V,green
0278.png,insectoid,III,red
0279.png,winged,II,blue
0280.png,plant,IV,brown
0281.png,feral,I,brown
0282.png,feral,I,brown
0283.png,fish,IV,yellow
0284.png,plant,II,yellow
0285.png,beast,II,brown
0286.png,capri,II,blue
0287.png,feathered,IV,green
0288.png,beast,II,yellow
0289.png,feathered,IV,gray
0290.png,bumped,II,yellow
0291.png,feathered,IV,brown
0292.png,female,III,yellow
0293.png,female,III,gray
0294.png,ball,IV,blue
0295.png,female,III,blue
0296.png,ball,IV,brown
0297.png,feathered,IV,yellow
0298.png,feathered,III,white
0299.png,beast,II,yellow
0300.png,floater,VI,yellow
0301.png,feral,I,gray
0302.png,male,III,blue
0303.png,female,V,black
0304.png,bumped,II,yellow
0305.png,beast,II,blue
0306.png,dragon,II,red
0307.png,insectoid,III,gray
0308.png,insectoid,III,brown
0309.png,fish,V,red
0310.png,female,IV,green
0311.png,female,V,red
0312.png,feathered,III,white
0313.png,beast,II,yellow
0314.png,floater,VII,blue
0315.png,serpentine,III,green
0316.png,fish,IV,blue
0317.png,fish,IV,blue
0318.png,insectoid,III,red
0319.png,feral,I,yellow
0320.png,feral,II,yellow
0321.png,male,II,gray
0322.png,male,III,green
0323.png,fish,V,red
0324.png,capri,III,blue
0325.png,beast,II,blue
0326.png,bumped,II,yellow
0327.png,fish,V,blue
0328.png,insectoid,III,white
0329.png,insectoid,IV,brown
0330.png,feral,II,gray
0331.png,bulky,IV,yellow
0332.png,feral,II,brown
0333.png,bumped,II,blue
0334.png,insectoid,IV,green
0335.png,male,III,black
0336.png,floater,VII,gray
0337.png,serpentine,III,red
0338.png,slug,IV,blue
0339.png,bumped,I,white
0340.png,beast,III,blue
0341.png,feral,II,green
0342.png,feral,II,black
0343.png,feral,II,brown
0344.png,stoned,III,brown
0345.png,beast,III,gray
0346.png,Abomination,II,gray
0347.png,serpentine,III,brown
0348.png,male,III,brown
0349.png,dragon,III,blue
0350.png,bulky,IV,green
0351.png,Abomination,III,gray
0352.png,bulky,III,brown
0353.png,female,V,red
0354.png,male,III,gray
0355.png,male,IV,blue
0356.png,feral,IV,brown
0357.png,male,III,gray
0358.png,serpentine,III,red
0359.png,slug,IV,white
0360.png,floater,VII,white
0361.png,beast,III,blue
0362.png,ball,V,blue
0363.png,female,III,red
0364.png,insectoid,IV,white
0365.png,ball,IV,white
0366.png,beast,II,brown
0367.png,feral,V,gray
0368.png,bulky,IV,brown
0369.png,capri,III,gray
0370.png,insectoid,IV,red
0371.png,ball,V,white
0372.png,female,V,white
0373.png,feathered,III,brown
0374.png,insectoid,V,red
0375.png,bumped,III,red
0376.png,slug,IV,gray
0377.png,capri,III,black
0378.png,insectoid,V,blue
0379.png,feral,IV,brown
0380.png,male,III,white
0381.png,ball,IV,black
0382.png,capri,III,brown
0383.png,insectoid,V,green
0384.png,beast,III,gray
0385.png,beast,III,brown
0386.png,serpentine,IV,yellow
0387.png,beast,III,gray
0388.png,capri,IV,brown
0389.png,beast,III,gray
0390.png,female,V,white
0391.png,dragon,II,blue
0392.png,slug,IV,red
0393.png,feathered,IV,white
0394.png,fish,V,red
0395.png,female,V,green
0396.png,female,VI,red
0397.png,feral,III,green
0398.png,beast,II,white
0399.png,feathered,V,red
0400.png,slug,V,white
0401.png,ball,V,brown
0402.png,floater,VI,brown
0403.png,dragon,III,gray
0404.png,male,IV,red
0405.png,male,V,green
0406.png,bulky,IV,brown
0407.png,ball,V,red
0408.png,beast,III,green
0409.png,fish,V,brown
0410.png,dragon,III,brown
0411.png,floater,VII,blue
0412.png,beast,IV,green
0413.png,feathered,V,black
0414.png,feral,II,red
0415.png,ball,V,yellow
0416.png,female,V,red
0417.png,plant,IV,blue
0418.png,insectoid,V,yellow
0419.png,stoned,III,brown
0420.png,feral,III,blue
0421.png,female,VI,blue
0422.png,stoned,II,black
0423.png,bumped,III,black
0424.png,beast,IV,black
0425.png,feral,IV,black
0426.png,Abomination,III,black
0427.png,bumped,II,yellow
0428.png,stoned,IV,blue
0429.png,feathered,V,black
0430.png,dragon,III,red
0431.png,serpentine,IV,gray
0432.png,female,VI,gray
0433.png,bulky,IV,brown
0434.png,stoned,IV,brown
0435.png,feral,III,yellow
0436.png,feral,III,white
0437.png,stoned,IV,brown
0438.png,male,IV,gray
0439.png,serpentine,IV,red
0440.png,winged,II,white
0441.png,fish,V,red
0442.png,dragon,IV,yellow
0443.png,ball,V,white
0444.png,winged,III,red
0445.png,male,IV,blue
0446.png,Abomination,III,yellow
0447.png,dragon,IV,blue
0448.png,insectoid,V,blue
0449.png,insectoid,V,brown
0450.png,feral,III,gray
0451.png,feathered,V,red
0452.png,feral,III,blue
0453.png,bulky,V,blue
0454.png,dragon,III,blue
0455.png,ball,VI,blue
0456.png,serpentine,IV,yellow
0457.png,female,VI,black
0458.png,dragon,IV,gray
0459.png,ball,V,brown
0460.png,dragon,III,blue
0461.png,winged,III,gray
0462.png,bumped,III,black
0463.png,bumped,III,blue
0464.png,fish,VI,black
0465.png,slug,V,brown
0466.png,plant,III,yellow
0467.png,male,V,brown
0468.png,insectoid,VI,black
0469.png,floater,VIII,gray
0470.png,fish,V,white
0471.png,dragon,IV,green
0472.png,bumped,III,yellow
0473.png,Abomination,IV,brown
0474.png,insectoid,VI,green
0475.png,capri,IV,yellow
0476.png,fish,VI,white
0477.png,ball,VI,blue
0478.png,ball,V,gray
0479.png,winged,IV,blue
0480.png,feral,IV,brown
0481.png,bulky,V,yellow
0482.png,dragon,IV,green
0483.png,stoned,IV,brown
0484.png,insectoid,VI,brown
0485.png,slug,V,blue
0486.png,beast,IV,brown
0487.png,dragon,III,blue
0488.png,male,V,white
0489.png,winged,VII,gray
0490.png,feral,V,red
0491.png,insectoid,V,red
0492.png,dragon,IV,brown
0493.png,Abomination,III,blue
0494.png,feral,V,white
0495.png,female,VI,white
0496.png,bumped,III,yellow
0497.png,insectoid,VI,gray
0498.png,floater,VII,yellow
0499.png,beast,IV,yellow
0500.png,dragon,IV,yellow
0501.png,floater,VI,green
0502.png,feral,VI,black
0503.png,insectoid,VI,gray
0504.png,ball,VI,blue
0505.png,ball,VI,red
0506.png,bumped,III,gray
0507.png,Abomination,III,gray
0508.png,plant,IV,red
0509.png,feathered,V,black
0510.png,male,V,red
0511.png,capri,IV,yellow
0512.png,feral,IV,gray
0513.png,ball,VII,gray
0514.png,bulky,V,red
0515.png,stoned,V,yellow
0516.png,feral,II,brown
0517.png,fish,VII,blue
0518.png,fish,VI,brown
0519.png,male,V,blue
0520.png,male,V,yellow
0521.png,winged,V,blue
0522.png,male,IV,blue
0523.png,feral,III,red
0524.png,beast,IV,yellow
0525.png,capri,IV,yellow
0526.png,feathered,V,white
0527.png,beast,V,gray
0528.png,dragon,IV,gray
0529.png,dragon,IV,brown
0530.png,fish,VII,blue
0531.png,stoned,IV,yellow
0532.png,ball,VII,red
0533.png,winged,V,yellow
0534.png,female,VII,blue
0535.png,floater,VI,blue
0536.png,winged,V,red
0537.png,bumped,IV,gray
0538.png,insectoid,VII,blue
0539.png,bulky,V,brown
0540.png,feathered,V,black
0541.png,dragon,VI,red
0542.png,feral,IV,gray
0543.png,insectoid,VI,white
0544.png,feral,VI,yellow
0545.png,bulky,VI,gray
0546.png,stoned,V,blue
0547.png,bumped,IV,red
0548.png,beast,IV,gray
0549.png,ball,VII,blue
0550.png,beast,V,blue
0551.png,male,V,blue
0552.png,male,V,brown
0553.png,winged,IV,blue
0554.png,serpentine,V,blue
0555.png,male,IV,red
0556.png,stoned,IV,gray
0557.png,feral,VI,blue
0558.png,feathered,VI,gray
0559.png,capri,V,yellow
0560.png,ball,VII,brown
0561.png,female,VII,gray
0562.png,capri,V,brown
0563.png,ball,VII,brown
0564.png,feathered,VI,blue
0565.png,feathered,VI,brown
0566.png,male,V,gray
0567.png,stoned,V,gray
0568.png,insectoid,VII,yellow
0569.png,feral,IV,blue
0570.png,beast,V,red
0571.png,stoned,V,gray
0572.png,male,VI,yellow
0573.png,female,VII,gray
0574.png,fish,VII,blue
0575.png,female,VII,red
0576.png,feathered,VI,brown
0577.png,feral,VI,white
0578.png,male,IV,blue
0579.png,feral,III,red
0580.png,male,VI,gray
0581.png,floater,VIII,red
0582.png,male,V,red
0583.png,fish,VII,blue
0584.png,stoned,V,gray
0585.png,insectoid,VI,brown
0586.png,ball,VII,yellow
0587.png,female,VII,white
0588.png,plant,V,red
0589.png,capri,II,blue
0590.png,insectoid,VIII,yellow
0591.png,female,VII,red
0592.png,fish,VII,blue
0593.png,beast,V,white
0594.png,capri,IV,black
0595.png,male,VI,yellow
0596.png,female,VII,green
0597.png,winged,IV,white
0598.png,bumped,IV,gray
0599.png,bulky,VI,gray
0600.png,serpentine,V,brown
0601.png,winged,IV,blue
0602.png,stoned,IV,blue
0603.png,capri,V,green
0604.png,serpentine,V,brown
0605.png,bumped,IV,yellow
0606.png,bumped,IV,yellow
0607.png,beast,V,blue
0608.png,serpentine,V,blue
0609.png,Abomination,IV,black
0610.png,dragon,V,green
0611.png,bulky,V,gray
0612.png,fish,VII,brown
0613.png,capri,V,black
0614.png,beast,V,white
0615.png,bulky,V,green
0616.png,ball,VII,gray
0617.png,bulky,VII,brown
0618.png,fish,VIII,red
0619.png,feathered,VI,gray
0620.png,beast,V,blue
0621.png,beast,V,black
0622.png,ball,VII,white
0623.png,Abomination,IV,gray
0624.png,insectoid,VII,red
0625.png,insectoid,VII,green
0626.png,insectoid,VII,red
0627.png,dragon,V,red
0628.png,feral,VI,blue
0629.png,floater,VII,gray
0630.png,female,VIII,green
0631.png,female,VIII,brown
0632.png,feral,VI,black
0633.png,insectoid,VII,brown
0634.png,female,VIII,red
0635.png,slug,V,red
0636.png,floater,VII,gray
0637.png,feral,VI,gray
0638.png,plant,V,brown
0639.png,insectoid,VIII,red
0640.png,capri,VII,brown
0641.png,dragon,IV,red
0642.png,bumped,IV,blue
0643.png,ball,IX,blue
0644.png,Abomination,IV,blue
0645.png,plant,V,red
0646.png,dragon,V,blue
0647.png,capri,IV,brown
0648.png,female,X,green
0649.png,beast,V,green
0650.png,bumped,V,green
0651.png,male,VI,blue
0652.png,Abomination,V,brown
0653.png,plant,VI,green
0654.png,bumped,IV,blue
0655.png,dragon,V,green
0656.png,male,VI,green
0657.png,stoned,V,blue
0658.png,insectoid,VII,gray
0659.png,winged,VI,gray
0660.png,beast,V,white
0661.png,feathered,VII,blue
0662.png,feathered,VII,brown
0663.png,bumped,V,red
0664.png,feathered,VII,blue
0665.png,bumped,V,gray
0666.png,winged,VI,white
0667.png,beast,V,gray
0668.png,floater,VIII,white
0669.png,bulky,VI,red
0670.png,feathered,VII,green
0671.png,male,VII,gray
0672.png,beast,VI,gray
0673.png,male,VI,red
0674.png,male,VI,yellow
0675.png,fish,VIII,red
0676.png,feathered,VII,white
0677.png,beast,VI,red
0678.png,Abomination,V,blue
0679.png,male,VII,gray
0680.png,female,VIII,white
0681.png,bumped,IV,white
0682.png,beast,VI,yellow
0683.png,stoned,VI,brown
0684.png,female,IX,black
0685.png,stoned,VI,gray
0686.png,floater,VI,black
0687.png,stoned,IV,gray
0688.png,floater,IX,gray
0689.png,male,VII,red
0690.png,winged,VII,black
0691.png,feral,VI,gray
0692.png,stoned,VI,brown
0693.png,male,VII,gray
0694.png,ball,VIII,red
0695.png,Abomination,IV,brown
0696.png,capri,V,blue
0697.png,insectoid,VII,white
0698.png,ball,VIII,red
0699.png,beast,VI,black
0700.png,male,VII,yellow
0701.png,beast,V,red
0702.png,fish,VII,blue
0703.png,Abomination,IV,red
0704.png,beast,VI,black
0705.png,male,VIII,yellow
0706.png,winged,VII,black
0707.png,dragon,V,green
0708.png,insectoid,VIII,blue
0709.png,male,VII,yellow
0710.png,dragon,VI,blue
0711.png,male,VII,blue
0712.png,bulky,VI,brown
0713.png,floater,IX,blue
0714.png,bulky,VII,brown
0715.png,female,X,green
0716.png,slug,IX,yellow
0717.png,capri,VIII,blue
0718.png,plant,VI,yellow
0719.png,winged,VII,blue
0720.png,male,VIII,blue
0721.png,plant,VIII,red
0722.png,feral,VIII,yellow
0723.png,feral,VII,gray
0724.png,insectoid,VII,yellow
0725.png,dragon,VI,blue
0726.png,feathered,VIII,green
0727.png,stoned,V,red
0728.png,female,VIII,green
0729.png,ball,VIII,green
0730.png,beast,VII,yellow
0731.png,male,VIII,gray
0732.png,ball,VIII,gray
0733.png,serpentine,VI,green
0734.png,feathered,VIII,yellow
0735.png,bumped,V,brown
0736.png,winged,VI,yellow
0737.png,capri,VI,blue
0738.png,feral,VI,white
0739.png,male,IX,red
0740.png,feral,VII,gray
0741.png,slug,VI,white
0742.png,male,VII,blue
0743.png,serpentine,VI,gray
0744.png,bumped,V,gray
0745.png,floater,VIII,white
0746.png,floater,VIII,gray
0747.png,feral,VII,red
0748.png,bumped,V,red
0749.png,feathered,VIII,black
0750.png,winged,VII,gray
0751.png,female,IX,white
0752.png,dragon,VI,green
0753.png,male,IX,gray
0754.png,bumped,VI,red
0755.png,beast,V,white
0756.png,bulky,VII,red
0757.png,Abomination,V,red
0758.png,feathered,VIII,red
0759.png,dragon,VI,brown
0760.png,serpentine,VI,yellow
0761.png,insectoid,VIII,gray
0762.png,serpentine,VI,blue
0763.png,plant,VI,gray
0764.png,stoned,VI,gray
0765.png,bumped,VI,brown
0766.png,stoned,VI,blue
0767.png,insectoid,VIII,brown
0768.png,plant,X,white
0769.png,bulky,VII,gray
0770.png,beast,VI,yellow
0771.png,feral,VII,gray
0772.png,bulky,VI,gray
0773.png,beast,VI,gray
0774.png,plant,VIII,green
0775.png,beast,VII,white
0776.png,plant,VIII,brown
0777.png,ball,IX,blue
0778.png,bulky,VIII,blue
0779.png,fish,IX,green
0780.png,capri,VIII,blue
0781.png,capri,VIII,white
0782.png,Abomination,VI,blue
0783.png,insectoid,VIII,red
0784.png,female,VIII,red
0785.png,fish,VIII,brown
0786.png,feathered,VIII,brown
0787.png,dragon,VI,blue
0788.png,feathered,IX,blue
0789.png,insectoid,IX,blue
0790.png,ball,IX,brown
0791.png,capri,VIII,white
0792.png,bumped,VI,white
0793.png,floater,IX,blue
0794.png,insectoid,IX,gray
0795.png,male,IX,green
0796.png,stoned,VI,gray
0797.png,stoned,VII,black
0798.png,female,IX,red
0799.png,male,IX,red
0800.png,insectoid,IX,red
0801.png,slug,VII,blue
0802.png,bumped,VI,red
0803.png,slug,VI,brown
0804.png,feral,VII,gray
0805.png,slug,VI,green
0806.png,bumped,VI,brown
0807.png,feral,VIII,red
0808.png,feathered,VIII,blue
0809.png,beast,VII,gray
0810.png,female,IX,green
0811.png,feral,VIII,gray
0812.png,dragon,VII,blue
0813.png,serpentine,VII,black
0814.png,male,IX,brown
0815.png,bulky,VII,gray
0816.png,floater,IX,red
0817.png,male,IX,gray
0818.png,capri,VIII,gray
0819.png,dragon,VII,white
0820.png,insectoid,IX,blue
0821.png,feathered,IX,yellow
0822.png,stoned,VII,red
0823.png,stoned,VII,blue
0824.png,feral,VIII,white
0825.png,Abomination,VII,black
0826.png,winged,VII,yellow
0827.png,fish,IX,white
0828.png,male,X,gray
0829.png,capri,VI,red
0830.png,female,VIII,green
0831.png,beast,VIII,yellow
0832.png,dragon,VII,brown
0833.png,feral,VIII,red
0834.png,bumped,VI,brown
0835.png,Abomination,VII,blue
0836.png,bumped,VI,red
0837.png,dragon,VII,gray
0838.png,bumped,VII,blue
0839.png,fish,VIII,white
0840.png,bulky,VI,yellow
0841.png,dragon,VII,green
0842.png,dragon,VII,gray
0843.png,female,IX,blue
0844.png,dragon,VII,blue
0845.png,feral,VIII,yellow
0846.png,ball,X,green
0847.png,serpentine,VII,red
0848.png,bulky,VIII,gray
0849.png,capri,VI,green
0850.png,winged,VIII,blue
0851.png,dragon,VII,blue
0852.png,feathered,IX,brown
0853.png,bumped,VII,brown
0854.png,bulky,VII,black
0855.png,capri,VIII,blue
0856.png,serpentine,VII,gray
0857.png,beast,VIII,black
0858.png,stoned,VII,blue
0859.png,serpentine,VIII,green
0860.png,stoned,VIII,white
0861.png,stoned,VIII,white
0862.png,dragon,VII,yellow
0863.png,Abomination,X,green
0864.png,dragon,VIII,gray
0865.png,male,VIII,white
0866.png,stoned,VII,blue
0867.png,female,IX,gray
0868.png,stoned,VIII,gray
0869.png,Abomination,VIII,yellow
0870.png,bulky,IX,red
0871.png,dragon,VIII,blue
0872.png,dragon,VIII,black
0873.png,beast,VIII,black
0874.png,bumped,VII,blue
0875.png,insectoid,IX,gray
0876.png,bumped,VII,gray
0877.png,serpentine,VIII,green
0878.png,slug,VII,gray
0879.png,bulky,VII,brown
0880.png,insectoid,X,black
0881.png,insectoid,X,red
0882.png,Abomination,IX,brown
0883.png,bumped,VII,brown
0884.png,feral,VIII,blue
0885.png,feral,VIII,brown
0886.png,dragon,VIII,brown
0887.png,bumped,VIII,white
0888.png,feathered,X,brown
0889.png,serpentine,VIII,blue
0890.png,fish,IX,blue
0891.png,dragon,VIII,blue
0892.png,plant,IX,gray
0893.png,bulky,VIII,gray
0894.png,bumped,VIII,brown
0895.png,feral,VIII,blue
0896.png,dragon,VIII,black
0897.png,slug,IX,red
0898.png,feral,VIII,yellow
0899.png,capri,VIII,yellow
0900.png,beast,VIII,blue
0901.png,floater,X,blue
0902.png,bulky,VIII,brown
0903.png,plant,IX,gray
0904.png,Abomination,X,blue
0905.png,capri,VIII,red
0906.png,insectoid,X,white
0907.png,stoned,IX,blue
0908.png,bumped,VIII,red
0909.png,bumped,VIII,blue
0910.png,stoned,IX,blue
0911.png,serpentine,IX,brown
0912.png,male,X,gray
0913.png,stoned,IX,gray
0914.png,fish,IX,blue
0915.png,bulky,IX,gray
0916.png,bumped,VIII,yellow
0917.png,dragon,VIII,black
0918.png,dragon,VIII,gray
0919.png,dragon,VIII,red
0920.png,dragon,VIII,gray
0921.png,slug,IX,white
0922.png,floater,IX,gray
0923.png,beast,IX,brown
0924.png,plant,X,brown
0925.png,beast,X,red
0926.png,serpentine,IX,green
0927.png,dragon,IX,blue
0928.png,feral,IX,yellow
0929.png,capri,VII,blue
0930.png,capri,IX,yellow
0931.png,slug,IX,gray
0932.png,ball,X,black
0933.png,floater,X,yellow
0934.png,dragon,VIII,blue
0935.png,feathered,X,blue
0936.png,stoned,VIII,yellow
0937.png,dragon,IX,gray
0938.png,insectoid,X,red
0939.png,serpentine,IX,yellow
0940.png,fish,IX,blue
0941.png,feral,IX,blue
0942.png,feral,X,blue
0943.png,fish,X,blue
0944.png,slug,X,blue
0945.png,dragon,VIII,red
0946.png,bulky,IX,green
0947.png,beast,X,gray
0948.png,dragon,IX,blue
0949.png,Abomination,X,red
0950.png,dragon,IX,yellow
0951.png,bumped,VIII,black
0952.png,bumped,VII,brown
0953.png,fish,X,black
0954.png,Abomination,VII,blue
0955.png,male,X,blue
0956.png,bumped,VIII,yellow
0957.png,dragon,IX,brown
0958.png,bulky,IX,brown
0959.png,bulky,VIII,red
0960.png,stoned,IX,black
0961.png,male,X,yellow
0962.png,bumped,IX,black
0963.png,serpentine,X,gray
0964.png,dragon,X,gray
0965.png,beast,IX,black
0966.png,bumped,VIII,brown
0967.png,dragon,X,blue
0968.png,female,X,white
0969.png,female,X,red
0970.png,feathered,X,red
0971.png,capri,IX,blue
0972.png,winged,IX,white
0973.png,slug,X,gray
0974.png,bumped,VIII,white
0975.png,stoned,VIII,gray
0976.png,bumped,VIII,red
0977.png,stoned,IX,brown
0978.png,stoned,X,brown
0979.png,bulky,X,gray
0980.png,feral,X,red
0981.png,feral,IX,white
0982.png,fish,X,blue
0983.png,bulky,VIII,brown
0984.png,bulky,IX,white
0985.png,feral,VII,yellow
0986.png,bumped,IX,gray
0987.png,dragon,X,black
0988.png,bulky,IX,red
0989.png,dragon,X,white
0990.png,insectoid,X,yellow
0991.png,stoned,IX,white
0992.png,bumped,X,gray
0993.png,feral,X,yellow
0994.png,stoned,IX,brown
0995.png,bulky,VIII,green
0996.png,dragon,IX,red
0997.png,feathered,X,red
0998.png,slug,X,black
0999.png,capri,X,green
1000.png,feral,X,white
1001.png,serpentine,X,blue
1002.png,bulky,IX,brown
1003.png,stoned,IX,blue
1004.png,bulky,X,blue
1005.png,winged,IX,brown
1006.png,bulky,X,green
1007.png,male,X,blue
1008.png,winged,X,brown
1009.png,beast,IX,brown
1010.png,beast,X,red
1011.png,capri,X,gray
1012.png,bumped,IX,gray
1013.png,winged,X,blue
1014.png,stoned,X,gray
1015.png,winged,X,blue
1016.png,bulky,X,green
1017.png,dragon,X,white
1018.png,bumped,IX,white
1019.png,stoned,X,green
1020.png,fish,X,blue
1021.png,bumped,X,red
1022.png,bumped,X,gray
1023.png,bumped,X,black
